<PAMDataset>
  <PAMRasterBand band="1">
    <CategoryNames>
      <Category>60051</Category>
      <Category></Category>
      <Category></Category>
      <Category></Category>
      <Category></Category>
      <Category></Category>
      <Category></Category>
      <Category></Category>
      <Category></Category>
      <Category></Category>
      <Category></Category>
      <Category>6400306</Category>
      <Category>34570</Category>
      <Category></Category>
      <Category></Category>
      <Category></Category>
      <Category></Category>
      <Category></Category>
      <Category></Category>
      <Category></Category>
      <Category></Category>
      <Category>4498489</Category>
      <Category>1887911</Category>
      <Category>876529</Category>
      <Category>306082</Category>
      <Category></Category>
      <Category></Category>
      <Category></Category>
      <Category></Category>
      <Category></Category>
      <Category></Category>
      <Category>3724137</Category>
      <Category></Category>
      <Category></Category>
      <Category></Category>
      <Category></Category>
      <Category></Category>
      <Category></Category>
      <Category></Category>
      <Category></Category>
      <Category></Category>
      <Category>736886</Category>
      <Category>91380314</Category>
      <Category>6580825</Category>
      <Category></Category>
      <Category></Category>
      <Category></Category>
      <Category></Category>
      <Category></Category>
      <Category></Category>
      <Category></Category>
      <Category></Category>
      <Category>124934870</Category>
      <Category></Category>
      <Category></Category>
      <Category></Category>
      <Category></Category>
      <Category></Category>
      <Category></Category>
      <Category></Category>
      <Category></Category>
      <Category></Category>
      <Category></Category>
      <Category></Category>
      <Category></Category>
      <Category></Category>
      <Category></Category>
      <Category></Category>
      <Category></Category>
      <Category></Category>
      <Category></Category>
      <Category>15651478</Category>
      <Category></Category>
      <Category></Category>
      <Category></Category>
      <Category></Category>
      <Category></Category>
      <Category></Category>
      <Category></Category>
      <Category></Category>
      <Category></Category>
      <Category>8120121</Category>
      <Category>14140146</Category>
      <Category></Category>
      <Category></Category>
      <Category></Category>
      <Category></Category>
      <Category></Category>
      <Category></Category>
      <Category></Category>
      <Category>1299091</Category>
      <Category></Category>
      <Category></Category>
      <Category></Category>
      <Category></Category>
      <Category>2481857</Category>
    </CategoryNames>
  </PAMRasterBand>
</PAMDataset>
